{
    "$schema": "https://schema.management.azure.com/schemas/2015-01-01/deploymentParameters.json#",
    "contentVersion": "1.0.0.0",
    "parameters": {
        "loadBalancers_kubernetes_name": {
            "value": null
        },
        "virtualNetworks_aks_vnet_40073553_name": {
            "value": null
        },
        "routeTables_aks_agentpool_40073553_routetable_name": {
            "value": null
        },
        "networkSecurityGroups_aks_agentpool_40073553_nsg_name": {
            "value": null
        },
        "virtualMachineScaleSets_aks_trialpool_90314406_vmss_name": {
            "value": null
        },
        "publicIPAddresses_e735da24_3012_4367_b103_9ed3b3537ba5_name": {
            "value": null
        },
        "publicIPAddresses_kubernetes_a33830e335a2a45328508e1f4d2f3e13_name": {
            "value": null
        },
        "userAssignedIdentities_omsagent_freetrialkubeclustereus2_name": {
            "value": null
        },
        "userAssignedIdentities_freetrialkubeclusterEUS2_agentpool_name": {
            "value": null
        },
        "galleries_AKSUbuntu_externalid": {
            "value": null
        },
        "disks_aks_trialpool_903144aks_trialpool_9031440OS__1_7e06251839504cc289426eb5ecc986cc_externalid": {
            "value": null
        }
    }
}