{
    "$schema": "https://schema.management.azure.com/schemas/2015-01-01/deploymentParameters.json#",
    "contentVersion": "1.0.0.0",
    "parameters": {
        "vaults_freeKeyVaultEUS2_name": {
            "value": null
        },
        "components_freeAppinsigtsEUS2_name": {
            "value": null
        },
        "namespaces_freeservicebusEUS2_name": {
            "value": null
        },
        "systemTopics_AppConfigEUS2Topic_name": {
            "value": null
        },
        "systemTopics_keyVaultChangeTopic_name": {
            "value": null
        },
        "configurationStores_appconfigeus2_name": {
            "value": null
        },
        "managedClusters_freetrialkubeclusterEUS2_name": {
            "value": null
        },
        "actionGroups_Application_Insights_Smart_Detection_name": {
            "value": null
        },
        "registries_FreeTrialEUS2ContainerRegestry_name": {
            "value": null
        },
        "userAssignedIdentities_UserAssignedManageIdentity_AzureWebApp_name": {
            "value": null
        },
        "smartdetectoralertrules_failure_anomalies___freeappinsigtseus2_name": {
            "value": null
        },
        "workspaces_DefaultWorkspace_ccfd3b52_85d9_4452_b5d3_2914be72cc31_EUS2_externalid": {
            "value": null
        },
        "publicIPAddresses_e735da24_3012_4367_b103_9ed3b3537ba5_externalid": {
            "value": null
        },
        "userAssignedIdentities_freetrialkubeclusterEUS2_agentpool_externalid": {
            "value": null
        }
    }
}