{
    "$schema": "https://schema.management.azure.com/schemas/2019-04-01/deploymentTemplate.json#",
    "contentVersion": "1.0.0.0",
    "parameters": {
        "vaults_freeKeyVaultEUS2_name": {
            "defaultValue": "freeKeyVaultEUS2",
            "type": "String"
        },
        "components_freeAppinsigtsEUS2_name": {
            "defaultValue": "freeAppinsigtsEUS2",
            "type": "String"
        },
        "namespaces_freeservicebusEUS2_name": {
            "defaultValue": "freeservicebusEUS2",
            "type": "String"
        },
        "systemTopics_AppConfigEUS2Topic_name": {
            "defaultValue": "AppConfigEUS2Topic",
            "type": "String"
        },
        "systemTopics_keyVaultChangeTopic_name": {
            "defaultValue": "keyVaultChangeTopic",
            "type": "String"
        },
        "configurationStores_appconfigeus2_name": {
            "defaultValue": "appconfigeus2",
            "type": "String"
        },
        "managedClusters_freetrialkubeclusterEUS2_name": {
            "defaultValue": "freetrialkubeclusterEUS2",
            "type": "String"
        },
        "actionGroups_Application_Insights_Smart_Detection_name": {
            "defaultValue": "Application Insights Smart Detection",
            "type": "String"
        },
        "registries_FreeTrialEUS2ContainerRegestry_name": {
            "defaultValue": "FreeTrialEUS2ContainerRegestry",
            "type": "String"
        },
        "userAssignedIdentities_UserAssignedManageIdentity_AzureWebApp_name": {
            "defaultValue": "UserAssignedManageIdentity_AzureWebApp",
            "type": "String"
        },
        "smartdetectoralertrules_failure_anomalies___freeappinsigtseus2_name": {
            "defaultValue": "failure anomalies - freeappinsigtseus2",
            "type": "String"
        },
        "workspaces_DefaultWorkspace_ccfd3b52_85d9_4452_b5d3_2914be72cc31_EUS2_externalid": {
            "defaultValue": "/subscriptions/ccfd3b52-85d9-4452-b5d3-2914be72cc31/resourceGroups/DefaultResourceGroup-EUS2/providers/Microsoft.OperationalInsights/workspaces/DefaultWorkspace-ccfd3b52-85d9-4452-b5d3-2914be72cc31-EUS2",
            "type": "String"
        },
        "publicIPAddresses_e735da24_3012_4367_b103_9ed3b3537ba5_externalid": {
            "defaultValue": "/subscriptions/ccfd3b52-85d9-4452-b5d3-2914be72cc31/resourceGroups/MC_FreeTrial_EUS2_RG_freetrialkubeclusterEUS2_eastus2/providers/Microsoft.Network/publicIPAddresses/e735da24-3012-4367-b103-9ed3b3537ba5",
            "type": "String"
        },
        "userAssignedIdentities_freetrialkubeclusterEUS2_agentpool_externalid": {
            "defaultValue": "/subscriptions/ccfd3b52-85d9-4452-b5d3-2914be72cc31/resourceGroups/MC_FreeTrial_EUS2_RG_freetrialkubeclusterEUS2_eastus2/providers/Microsoft.ManagedIdentity/userAssignedIdentities/freetrialkubeclusterEUS2-agentpool",
            "type": "String"
        }
    },
    "variables": {},
    "resources": [
        {
            "type": "Microsoft.AppConfiguration/configurationStores",
            "apiVersion": "2022-05-01",
            "name": "[parameters('configurationStores_appconfigeus2_name')]",
            "location": "eastus2",
            "tags": {
                "Usege": "FreeTrial",
                "service": "default/azurewebapp"
            },
            "sku": {
                "name": "free"
            },
            "identity": {
                "type": "SystemAssigned, UserAssigned",
                "userAssignedIdentities": {
                    "/subscriptions/ccfd3b52-85d9-4452-b5d3-2914be72cc31/resourceGroups/FreeTrial_EUS2_RG/providers/Microsoft.ManagedIdentity/userAssignedIdentities/UserAssignedManageIdentity_AzureWebApp": {}
                }
            },
            "properties": {
                "encryption": {},
                "publicNetworkAccess": "Enabled",
                "disableLocalAuth": false,
                "softDeleteRetentionInDays": 0,
                "enablePurgeProtection": false
            }
        },
        {
            "type": "Microsoft.ContainerRegistry/registries",
            "apiVersion": "2022-02-01-preview",
            "name": "[parameters('registries_FreeTrialEUS2ContainerRegestry_name')]",
            "location": "eastus2",
            "tags": {
                "Usege": "FreeTrial"
            },
            "sku": {
                "name": "Standard",
                "tier": "Standard"
            },
            "identity": {
                "type": "SystemAssigned"
            },
            "properties": {
                "adminUserEnabled": true,
                "policies": {
                    "quarantinePolicy": {
                        "status": "disabled"
                    },
                    "trustPolicy": {
                        "type": "Notary",
                        "status": "disabled"
                    },
                    "retentionPolicy": {
                        "days": 7,
                        "status": "disabled"
                    },
                    "exportPolicy": {
                        "status": "enabled"
                    },
                    "azureADAuthenticationAsArmPolicy": {
                        "status": "enabled"
                    },
                    "softDeletePolicy": {
                        "retentionDays": 7,
                        "status": "disabled"
                    }
                },
                "encryption": {
                    "status": "disabled"
                },
                "dataEndpointEnabled": true,
                "publicNetworkAccess": "Enabled",
                "networkRuleBypassOptions": "AzureServices",
                "zoneRedundancy": "Disabled",
                "anonymousPullEnabled": false
            }
        },
        {
            "type": "Microsoft.ContainerService/managedClusters",
            "apiVersion": "2022-05-02-preview",
            "name": "[parameters('managedClusters_freetrialkubeclusterEUS2_name')]",
            "location": "eastus2",
            "tags": {
                "Usege": "FreeTrial"
            },
            "sku": {
                "name": "Basic",
                "tier": "Free"
            },
            "identity": {
                "type": "SystemAssigned"
            },
            "properties": {
                "kubernetesVersion": "1.22.11",
                "dnsPrefix": "[concat(parameters('managedClusters_freetrialkubeclusterEUS2_name'), '-dns')]",
                "agentPoolProfiles": [
                    {
                        "name": "trialpool",
                        "count": 1,
                        "vmSize": "Standard_B2s",
                        "osDiskSizeGB": 128,
                        "osDiskType": "Managed",
                        "kubeletDiskType": "OS",
                        "maxPods": 110,
                        "type": "VirtualMachineScaleSets",
                        "maxCount": 2,
                        "minCount": 1,
                        "enableAutoScaling": true,
                        "powerState": {
                            "code": "Running"
                        },
                        "orchestratorVersion": "1.22.11",
                        "enableNodePublicIP": false,
                        "tags": {
                            "Usege": "FreeTrial"
                        },
                        "mode": "System",
                        "osType": "Linux",
                        "osSKU": "Ubuntu",
                        "enableFIPS": false
                    }
                ],
                "servicePrincipalProfile": {
                    "clientId": "msi"
                },
                "addonProfiles": {
                    "azureKeyvaultSecretsProvider": {
                        "enabled": false
                    },
                    "azurepolicy": {
                        "enabled": false
                    },
                    "httpApplicationRouting": {
                        "enabled": false
                    },
                    "omsAgent": {
                        "enabled": true,
                        "config": {
                            "logAnalyticsWorkspaceResourceID": "[parameters('workspaces_DefaultWorkspace_ccfd3b52_85d9_4452_b5d3_2914be72cc31_EUS2_externalid')]"
                        }
                    }
                },
                "nodeResourceGroup": "[concat('MC_FreeTrial_EUS2_RG_', parameters('managedClusters_freetrialkubeclusterEUS2_name'), '_eastus2')]",
                "enableRBAC": true,
                "networkProfile": {
                    "networkPlugin": "kubenet",
                    "loadBalancerSku": "Standard",
                    "loadBalancerProfile": {
                        "managedOutboundIPs": {
                            "count": 1
                        },
                        "effectiveOutboundIPs": [
                            {
                                "id": "[parameters('publicIPAddresses_e735da24_3012_4367_b103_9ed3b3537ba5_externalid')]"
                            }
                        ]
                    },
                    "podCidr": "10.244.0.0/16",
                    "serviceCidr": "10.0.0.0/16",
                    "dnsServiceIP": "10.0.0.10",
                    "dockerBridgeCidr": "172.17.0.1/16",
                    "outboundType": "loadBalancer"
                },
                "identityProfile": {
                    "kubeletidentity": {
                        "resourceId": "[parameters('userAssignedIdentities_freetrialkubeclusterEUS2_agentpool_externalid')]",
                        "clientId": "a103c956-e228-41af-82d0-761e66497fe2",
                        "objectId": "bcdee7e4-1dc7-4001-a6a0-ea796661d504"
                    }
                },
                "autoScalerProfile": {
                    "balance-similar-node-groups": "false",
                    "expander": "random",
                    "max-empty-bulk-delete": "10",
                    "max-graceful-termination-sec": "600",
                    "max-node-provision-time": "15m",
                    "max-total-unready-percentage": "45",
                    "new-pod-scale-up-delay": "0s",
                    "ok-total-unready-count": "3",
                    "scale-down-delay-after-add": "10m",
                    "scale-down-delay-after-delete": "10s",
                    "scale-down-delay-after-failure": "3m",
                    "scale-down-unneeded-time": "10m",
                    "scale-down-unready-time": "20m",
                    "scale-down-utilization-threshold": "0.5",
                    "scan-interval": "10s",
                    "skip-nodes-with-local-storage": "false",
                    "skip-nodes-with-system-pods": "true"
                },
                "securityProfile": {},
                "storageProfile": {
                    "diskCSIDriver": {
                        "enabled": true,
                        "version": "v1"
                    },
                    "fileCSIDriver": {
                        "enabled": true
                    },
                    "snapshotController": {
                        "enabled": true
                    }
                },
                "oidcIssuerProfile": {
                    "enabled": false
                }
            }
        },
        {
            "type": "microsoft.insights/actionGroups",
            "apiVersion": "2022-06-01",
            "name": "[parameters('actionGroups_Application_Insights_Smart_Detection_name')]",
            "location": "Global",
            "properties": {
                "groupShortName": "SmartDetect",
                "enabled": true,
                "emailReceivers": [],
                "smsReceivers": [],
                "webhookReceivers": [],
                "eventHubReceivers": [],
                "itsmReceivers": [],
                "azureAppPushReceivers": [],
                "automationRunbookReceivers": [],
                "voiceReceivers": [],
                "logicAppReceivers": [],
                "azureFunctionReceivers": [],
                "armRoleReceivers": [
                    {
                        "name": "Monitoring Contributor",
                        "roleId": "749f88d5-cbae-40b8-bcfc-e573ddc772fa",
                        "useCommonAlertSchema": true
                    },
                    {
                        "name": "Monitoring Reader",
                        "roleId": "43d0d8ad-25c7-4714-9337-8ba259a9fe05",
                        "useCommonAlertSchema": true
                    }
                ]
            }
        },
        {
            "type": "microsoft.insights/components",
            "apiVersion": "2020-02-02",
            "name": "[parameters('components_freeAppinsigtsEUS2_name')]",
            "location": "eastus2",
            "tags": {
                "Usege": "FreeTrial",
                "service": "default/azurewebapp"
            },
            "kind": "web",
            "properties": {
                "Application_Type": "web",
                "Flow_Type": "Redfield",
                "Request_Source": "IbizaAIExtension",
                "RetentionInDays": 90,
                "WorkspaceResourceId": "[parameters('workspaces_DefaultWorkspace_ccfd3b52_85d9_4452_b5d3_2914be72cc31_EUS2_externalid')]",
                "IngestionMode": "LogAnalytics",
                "publicNetworkAccessForIngestion": "Enabled",
                "publicNetworkAccessForQuery": "Enabled"
            }
        },
        {
            "type": "Microsoft.KeyVault/vaults",
            "apiVersion": "2021-11-01-preview",
            "name": "[parameters('vaults_freeKeyVaultEUS2_name')]",
            "location": "eastus2",
            "tags": {
                "Usege": "FreeTrial",
                "service": "default/azurewebapp"
            },
            "properties": {
                "sku": {
                    "family": "A",
                    "name": "Premium"
                },
                "tenantId": "da0d5d57-1f45-4743-963d-ec0e64763100",
                "accessPolicies": [],
                "enabledForDeployment": true,
                "enabledForDiskEncryption": false,
                "enabledForTemplateDeployment": true,
                "enableSoftDelete": true,
                "softDeleteRetentionInDays": 90,
                "enableRbacAuthorization": true,
                "vaultUri": "https://freekeyvaulteus2.vault.azure.net/",
                "provisioningState": "Succeeded",
                "publicNetworkAccess": "Enabled"
            }
        },
        {
            "type": "Microsoft.ManagedIdentity/userAssignedIdentities",
            "apiVersion": "2018-11-30",
            "name": "[parameters('userAssignedIdentities_UserAssignedManageIdentity_AzureWebApp_name')]",
            "location": "eastus2",
            "tags": {
                "Usege": "FreeTrial",
                "service": "default/azurewebapp"
            }
        },
        {
            "type": "Microsoft.ServiceBus/namespaces",
            "apiVersion": "2022-01-01-preview",
            "name": "[parameters('namespaces_freeservicebusEUS2_name')]",
            "location": "East US 2",
            "tags": {
                "Usege": "FreeTrial",
                "service": "default/azurewebapp"
            },
            "sku": {
                "name": "Standard",
                "tier": "Standard"
            },
            "properties": {
                "minimumTlsVersion": "1.2",
                "publicNetworkAccess": "Enabled",
                "disableLocalAuth": false,
                "zoneRedundant": false
            }
        },
        {
            "type": "Microsoft.ContainerService/managedClusters/agentPools",
            "apiVersion": "2022-05-02-preview",
            "name": "[concat(parameters('managedClusters_freetrialkubeclusterEUS2_name'), '/trialpool')]",
            "dependsOn": [
                "[resourceId('Microsoft.ContainerService/managedClusters', parameters('managedClusters_freetrialkubeclusterEUS2_name'))]"
            ],
            "properties": {
                "count": 1,
                "vmSize": "Standard_B2s",
                "osDiskSizeGB": 128,
                "osDiskType": "Managed",
                "kubeletDiskType": "OS",
                "maxPods": 110,
                "type": "VirtualMachineScaleSets",
                "maxCount": 2,
                "minCount": 1,
                "enableAutoScaling": true,
                "powerState": {
                    "code": "Running"
                },
                "orchestratorVersion": "1.22.11",
                "enableNodePublicIP": false,
                "tags": {
                    "Usege": "FreeTrial"
                },
                "mode": "System",
                "osType": "Linux",
                "osSKU": "Ubuntu",
                "enableFIPS": false
            }
        },
        {
            "type": "Microsoft.EventGrid/systemTopics",
            "apiVersion": "2022-06-15",
            "name": "[parameters('systemTopics_AppConfigEUS2Topic_name')]",
            "location": "eastus2",
            "dependsOn": [
                "[resourceId('Microsoft.AppConfiguration/configurationStores', parameters('configurationStores_appconfigeus2_name'))]"
            ],
            "identity": {
                "type": "SystemAssigned, UserAssigned",
                "userAssignedIdentities": {
                    "/subscriptions/ccfd3b52-85d9-4452-b5d3-2914be72cc31/resourceGroups/FreeTrial_EUS2_RG/providers/Microsoft.ManagedIdentity/userAssignedIdentities/UserAssignedManageIdentity_AzureWebApp": {}
                }
            },
            "properties": {
                "source": "[resourceId('Microsoft.AppConfiguration/configurationStores', parameters('configurationStores_appconfigeus2_name'))]",
                "topicType": "Microsoft.AppConfiguration.ConfigurationStores"
            }
        },
        {
            "type": "Microsoft.EventGrid/systemTopics",
            "apiVersion": "2022-06-15",
            "name": "[parameters('systemTopics_keyVaultChangeTopic_name')]",
            "location": "eastus2",
            "dependsOn": [
                "[resourceId('Microsoft.KeyVault/vaults', parameters('vaults_freeKeyVaultEUS2_name'))]"
            ],
            "properties": {
                "source": "[resourceId('Microsoft.KeyVault/vaults', parameters('vaults_freeKeyVaultEUS2_name'))]",
                "topicType": "Microsoft.KeyVault.vaults"
            }
        },
        {
            "type": "microsoft.insights/components/ProactiveDetectionConfigs",
            "apiVersion": "2018-05-01-preview",
            "name": "[concat(parameters('components_freeAppinsigtsEUS2_name'), '/degradationindependencyduration')]",
            "location": "eastus2",
            "dependsOn": [
                "[resourceId('microsoft.insights/components', parameters('components_freeAppinsigtsEUS2_name'))]"
            ],
            "properties": {
                "ruleDefinitions": {
                    "Name": "degradationindependencyduration",
                    "DisplayName": "Degradation in dependency duration",
                    "Description": "Smart Detection rules notify you of performance anomaly issues.",
                    "HelpUrl": "https://docs.microsoft.com/en-us/azure/application-insights/app-insights-proactive-performance-diagnostics",
                    "IsHidden": false,
                    "IsEnabledByDefault": true,
                    "IsInPreview": false,
                    "SupportsEmailNotifications": true
                },
                "enabled": true,
                "sendEmailsToSubscriptionOwners": true,
                "customEmails": []
            }
        },
        {
            "type": "microsoft.insights/components/ProactiveDetectionConfigs",
            "apiVersion": "2018-05-01-preview",
            "name": "[concat(parameters('components_freeAppinsigtsEUS2_name'), '/degradationinserverresponsetime')]",
            "location": "eastus2",
            "dependsOn": [
                "[resourceId('microsoft.insights/components', parameters('components_freeAppinsigtsEUS2_name'))]"
            ],
            "properties": {
                "ruleDefinitions": {
                    "Name": "degradationinserverresponsetime",
                    "DisplayName": "Degradation in server response time",
                    "Description": "Smart Detection rules notify you of performance anomaly issues.",
                    "HelpUrl": "https://docs.microsoft.com/en-us/azure/application-insights/app-insights-proactive-performance-diagnostics",
                    "IsHidden": false,
                    "IsEnabledByDefault": true,
                    "IsInPreview": false,
                    "SupportsEmailNotifications": true
                },
                "enabled": true,
                "sendEmailsToSubscriptionOwners": true,
                "customEmails": []
            }
        },
        {
            "type": "microsoft.insights/components/ProactiveDetectionConfigs",
            "apiVersion": "2018-05-01-preview",
            "name": "[concat(parameters('components_freeAppinsigtsEUS2_name'), '/digestMailConfiguration')]",
            "location": "eastus2",
            "dependsOn": [
                "[resourceId('microsoft.insights/components', parameters('components_freeAppinsigtsEUS2_name'))]"
            ],
            "properties": {
                "ruleDefinitions": {
                    "Name": "digestMailConfiguration",
                    "DisplayName": "Digest Mail Configuration",
                    "Description": "This rule describes the digest mail preferences",
                    "HelpUrl": "www.homail.com",
                    "IsHidden": true,
                    "IsEnabledByDefault": true,
                    "IsInPreview": false,
                    "SupportsEmailNotifications": true
                },
                "enabled": true,
                "sendEmailsToSubscriptionOwners": true,
                "customEmails": []
            }
        },
        {
            "type": "microsoft.insights/components/ProactiveDetectionConfigs",
            "apiVersion": "2018-05-01-preview",
            "name": "[concat(parameters('components_freeAppinsigtsEUS2_name'), '/extension_billingdatavolumedailyspikeextension')]",
            "location": "eastus2",
            "dependsOn": [
                "[resourceId('microsoft.insights/components', parameters('components_freeAppinsigtsEUS2_name'))]"
            ],
            "properties": {
                "ruleDefinitions": {
                    "Name": "extension_billingdatavolumedailyspikeextension",
                    "DisplayName": "Abnormal rise in daily data volume (preview)",
                    "Description": "This detection rule automatically analyzes the billing data generated by your application, and can warn you about an unusual increase in your application's billing costs",
                    "HelpUrl": "https://github.com/Microsoft/ApplicationInsights-Home/tree/master/SmartDetection/billing-data-volume-daily-spike.md",
                    "IsHidden": false,
                    "IsEnabledByDefault": true,
                    "IsInPreview": true,
                    "SupportsEmailNotifications": false
                },
                "enabled": true,
                "sendEmailsToSubscriptionOwners": true,
                "customEmails": []
            }
        },
        {
            "type": "microsoft.insights/components/ProactiveDetectionConfigs",
            "apiVersion": "2018-05-01-preview",
            "name": "[concat(parameters('components_freeAppinsigtsEUS2_name'), '/extension_canaryextension')]",
            "location": "eastus2",
            "dependsOn": [
                "[resourceId('microsoft.insights/components', parameters('components_freeAppinsigtsEUS2_name'))]"
            ],
            "properties": {
                "ruleDefinitions": {
                    "Name": "extension_canaryextension",
                    "DisplayName": "Canary extension",
                    "Description": "Canary extension",
                    "HelpUrl": "https://github.com/Microsoft/ApplicationInsights-Home/blob/master/SmartDetection/",
                    "IsHidden": true,
                    "IsEnabledByDefault": true,
                    "IsInPreview": true,
                    "SupportsEmailNotifications": false
                },
                "enabled": true,
                "sendEmailsToSubscriptionOwners": true,
                "customEmails": []
            }
        },
        {
            "type": "microsoft.insights/components/ProactiveDetectionConfigs",
            "apiVersion": "2018-05-01-preview",
            "name": "[concat(parameters('components_freeAppinsigtsEUS2_name'), '/extension_exceptionchangeextension')]",
            "location": "eastus2",
            "dependsOn": [
                "[resourceId('microsoft.insights/components', parameters('components_freeAppinsigtsEUS2_name'))]"
            ],
            "properties": {
                "ruleDefinitions": {
                    "Name": "extension_exceptionchangeextension",
                    "DisplayName": "Abnormal rise in exception volume (preview)",
                    "Description": "This detection rule automatically analyzes the exceptions thrown in your application, and can warn you about unusual patterns in your exception telemetry.",
                    "HelpUrl": "https://github.com/Microsoft/ApplicationInsights-Home/blob/master/SmartDetection/abnormal-rise-in-exception-volume.md",
                    "IsHidden": false,
                    "IsEnabledByDefault": true,
                    "IsInPreview": true,
                    "SupportsEmailNotifications": false
                },
                "enabled": true,
                "sendEmailsToSubscriptionOwners": true,
                "customEmails": []
            }
        },
        {
            "type": "microsoft.insights/components/ProactiveDetectionConfigs",
            "apiVersion": "2018-05-01-preview",
            "name": "[concat(parameters('components_freeAppinsigtsEUS2_name'), '/extension_memoryleakextension')]",
            "location": "eastus2",
            "dependsOn": [
                "[resourceId('microsoft.insights/components', parameters('components_freeAppinsigtsEUS2_name'))]"
            ],
            "properties": {
                "ruleDefinitions": {
                    "Name": "extension_memoryleakextension",
                    "DisplayName": "Potential memory leak detected (preview)",
                    "Description": "This detection rule automatically analyzes the memory consumption of each process in your application, and can warn you about potential memory leaks or increased memory consumption.",
                    "HelpUrl": "https://github.com/Microsoft/ApplicationInsights-Home/tree/master/SmartDetection/memory-leak.md",
                    "IsHidden": false,
                    "IsEnabledByDefault": true,
                    "IsInPreview": true,
                    "SupportsEmailNotifications": false
                },
                "enabled": true,
                "sendEmailsToSubscriptionOwners": true,
                "customEmails": []
            }
        },
        {
            "type": "microsoft.insights/components/ProactiveDetectionConfigs",
            "apiVersion": "2018-05-01-preview",
            "name": "[concat(parameters('components_freeAppinsigtsEUS2_name'), '/extension_securityextensionspackage')]",
            "location": "eastus2",
            "dependsOn": [
                "[resourceId('microsoft.insights/components', parameters('components_freeAppinsigtsEUS2_name'))]"
            ],
            "properties": {
                "ruleDefinitions": {
                    "Name": "extension_securityextensionspackage",
                    "DisplayName": "Potential security issue detected (preview)",
                    "Description": "This detection rule automatically analyzes the telemetry generated by your application and detects potential security issues.",
                    "HelpUrl": "https://github.com/Microsoft/ApplicationInsights-Home/blob/master/SmartDetection/application-security-detection-pack.md",
                    "IsHidden": false,
                    "IsEnabledByDefault": true,
                    "IsInPreview": true,
                    "SupportsEmailNotifications": false
                },
                "enabled": true,
                "sendEmailsToSubscriptionOwners": true,
                "customEmails": []
            }
        },
        {
            "type": "microsoft.insights/components/ProactiveDetectionConfigs",
            "apiVersion": "2018-05-01-preview",
            "name": "[concat(parameters('components_freeAppinsigtsEUS2_name'), '/extension_traceseveritydetector')]",
            "location": "eastus2",
            "dependsOn": [
                "[resourceId('microsoft.insights/components', parameters('components_freeAppinsigtsEUS2_name'))]"
            ],
            "properties": {
                "ruleDefinitions": {
                    "Name": "extension_traceseveritydetector",
                    "DisplayName": "Degradation in trace severity ratio (preview)",
                    "Description": "This detection rule automatically analyzes the trace logs emitted from your application, and can warn you about unusual patterns in the severity of your trace telemetry.",
                    "HelpUrl": "https://github.com/Microsoft/ApplicationInsights-Home/blob/master/SmartDetection/degradation-in-trace-severity-ratio.md",
                    "IsHidden": false,
                    "IsEnabledByDefault": true,
                    "IsInPreview": true,
                    "SupportsEmailNotifications": false
                },
                "enabled": true,
                "sendEmailsToSubscriptionOwners": true,
                "customEmails": []
            }
        },
        {
            "type": "microsoft.insights/components/ProactiveDetectionConfigs",
            "apiVersion": "2018-05-01-preview",
            "name": "[concat(parameters('components_freeAppinsigtsEUS2_name'), '/longdependencyduration')]",
            "location": "eastus2",
            "dependsOn": [
                "[resourceId('microsoft.insights/components', parameters('components_freeAppinsigtsEUS2_name'))]"
            ],
            "properties": {
                "ruleDefinitions": {
                    "Name": "longdependencyduration",
                    "DisplayName": "Long dependency duration",
                    "Description": "Smart Detection rules notify you of performance anomaly issues.",
                    "HelpUrl": "https://docs.microsoft.com/en-us/azure/application-insights/app-insights-proactive-performance-diagnostics",
                    "IsHidden": false,
                    "IsEnabledByDefault": true,
                    "IsInPreview": false,
                    "SupportsEmailNotifications": true
                },
                "enabled": true,
                "sendEmailsToSubscriptionOwners": true,
                "customEmails": []
            }
        },
        {
            "type": "microsoft.insights/components/ProactiveDetectionConfigs",
            "apiVersion": "2018-05-01-preview",
            "name": "[concat(parameters('components_freeAppinsigtsEUS2_name'), '/migrationToAlertRulesCompleted')]",
            "location": "eastus2",
            "dependsOn": [
                "[resourceId('microsoft.insights/components', parameters('components_freeAppinsigtsEUS2_name'))]"
            ],
            "properties": {
                "ruleDefinitions": {
                    "Name": "migrationToAlertRulesCompleted",
                    "DisplayName": "Migration To Alert Rules Completed",
                    "Description": "A configuration that controls the migration state of Smart Detection to Smart Alerts",
                    "HelpUrl": "https://docs.microsoft.com/en-us/azure/application-insights/app-insights-proactive-performance-diagnostics",
                    "IsHidden": true,
                    "IsEnabledByDefault": false,
                    "IsInPreview": true,
                    "SupportsEmailNotifications": false
                },
                "enabled": false,
                "sendEmailsToSubscriptionOwners": true,
                "customEmails": []
            }
        },
        {
            "type": "microsoft.insights/components/ProactiveDetectionConfigs",
            "apiVersion": "2018-05-01-preview",
            "name": "[concat(parameters('components_freeAppinsigtsEUS2_name'), '/slowpageloadtime')]",
            "location": "eastus2",
            "dependsOn": [
                "[resourceId('microsoft.insights/components', parameters('components_freeAppinsigtsEUS2_name'))]"
            ],
            "properties": {
                "ruleDefinitions": {
                    "Name": "slowpageloadtime",
                    "DisplayName": "Slow page load time",
                    "Description": "Smart Detection rules notify you of performance anomaly issues.",
                    "HelpUrl": "https://docs.microsoft.com/en-us/azure/application-insights/app-insights-proactive-performance-diagnostics",
                    "IsHidden": false,
                    "IsEnabledByDefault": true,
                    "IsInPreview": false,
                    "SupportsEmailNotifications": true
                },
                "enabled": true,
                "sendEmailsToSubscriptionOwners": true,
                "customEmails": []
            }
        },
        {
            "type": "microsoft.insights/components/ProactiveDetectionConfigs",
            "apiVersion": "2018-05-01-preview",
            "name": "[concat(parameters('components_freeAppinsigtsEUS2_name'), '/slowserverresponsetime')]",
            "location": "eastus2",
            "dependsOn": [
                "[resourceId('microsoft.insights/components', parameters('components_freeAppinsigtsEUS2_name'))]"
            ],
            "properties": {
                "ruleDefinitions": {
                    "Name": "slowserverresponsetime",
                    "DisplayName": "Slow server response time",
                    "Description": "Smart Detection rules notify you of performance anomaly issues.",
                    "HelpUrl": "https://docs.microsoft.com/en-us/azure/application-insights/app-insights-proactive-performance-diagnostics",
                    "IsHidden": false,
                    "IsEnabledByDefault": true,
                    "IsInPreview": false,
                    "SupportsEmailNotifications": true
                },
                "enabled": true,
                "sendEmailsToSubscriptionOwners": true,
                "customEmails": []
            }
        },
        {
            "type": "Microsoft.KeyVault/vaults/secrets",
            "apiVersion": "2021-11-01-preview",
            "name": "[concat(parameters('vaults_freeKeyVaultEUS2_name'), '/ApplicationInsights--ConnectionString')]",
            "location": "eastus2",
            "dependsOn": [
                "[resourceId('Microsoft.KeyVault/vaults', parameters('vaults_freeKeyVaultEUS2_name'))]"
            ],
            "properties": {
                "attributes": {
                    "enabled": true
                }
            }
        },
        {
            "type": "Microsoft.ServiceBus/namespaces/AuthorizationRules",
            "apiVersion": "2022-01-01-preview",
            "name": "[concat(parameters('namespaces_freeservicebusEUS2_name'), '/RootManageSharedAccessKey')]",
            "location": "East US 2",
            "dependsOn": [
                "[resourceId('Microsoft.ServiceBus/namespaces', parameters('namespaces_freeservicebusEUS2_name'))]"
            ],
            "properties": {
                "rights": [
                    "Listen",
                    "Manage",
                    "Send"
                ]
            }
        },
        {
            "type": "Microsoft.ServiceBus/namespaces/networkRuleSets",
            "apiVersion": "2022-01-01-preview",
            "name": "[concat(parameters('namespaces_freeservicebusEUS2_name'), '/default')]",
            "location": "East US 2",
            "dependsOn": [
                "[resourceId('Microsoft.ServiceBus/namespaces', parameters('namespaces_freeservicebusEUS2_name'))]"
            ],
            "properties": {
                "publicNetworkAccess": "Enabled",
                "defaultAction": "Allow",
                "virtualNetworkRules": [],
                "ipRules": []
            }
        },
        {
            "type": "Microsoft.ServiceBus/namespaces/queues",
            "apiVersion": "2022-01-01-preview",
            "name": "[concat(parameters('namespaces_freeservicebusEUS2_name'), '/app-config-change')]",
            "location": "eastus2",
            "dependsOn": [
                "[resourceId('Microsoft.ServiceBus/namespaces', parameters('namespaces_freeservicebusEUS2_name'))]"
            ],
            "properties": {
                "maxMessageSizeInKilobytes": 256,
                "lockDuration": "PT5M",
                "maxSizeInMegabytes": 1024,
                "requiresDuplicateDetection": false,
                "requiresSession": false,
                "defaultMessageTimeToLive": "P366D",
                "deadLetteringOnMessageExpiration": true,
                "enableBatchedOperations": true,
                "duplicateDetectionHistoryTimeWindow": "PT10M",
                "maxDeliveryCount": 5,
                "status": "Active",
                "autoDeleteOnIdle": "P427D",
                "enablePartitioning": false,
                "enableExpress": false
            }
        },
        {
            "type": "Microsoft.ServiceBus/namespaces/topics",
            "apiVersion": "2022-01-01-preview",
            "name": "[concat(parameters('namespaces_freeservicebusEUS2_name'), '/appconfigtopic')]",
            "location": "eastus2",
            "dependsOn": [
                "[resourceId('Microsoft.ServiceBus/namespaces', parameters('namespaces_freeservicebusEUS2_name'))]"
            ],
            "properties": {
                "maxMessageSizeInKilobytes": 256,
                "defaultMessageTimeToLive": "P1D",
                "maxSizeInMegabytes": 1024,
                "requiresDuplicateDetection": false,
                "duplicateDetectionHistoryTimeWindow": "PT10M",
                "enableBatchedOperations": true,
                "status": "Active",
                "supportOrdering": true,
                "autoDeleteOnIdle": "P14D",
                "enablePartitioning": false,
                "enableExpress": false
            }
        },
        {
            "type": "Microsoft.ServiceBus/namespaces/topics",
            "apiVersion": "2022-01-01-preview",
            "name": "[concat(parameters('namespaces_freeservicebusEUS2_name'), '/azurewebapp.infrastructure.servicebus.models~appconfigmessegetype')]",
            "location": "eastus2",
            "dependsOn": [
                "[resourceId('Microsoft.ServiceBus/namespaces', parameters('namespaces_freeservicebusEUS2_name'))]"
            ],
            "properties": {
                "maxMessageSizeInKilobytes": 256,
                "defaultMessageTimeToLive": "P366D",
                "maxSizeInMegabytes": 1024,
                "requiresDuplicateDetection": false,
                "duplicateDetectionHistoryTimeWindow": "PT10M",
                "enableBatchedOperations": true,
                "status": "Active",
                "supportOrdering": false,
                "autoDeleteOnIdle": "P427D",
                "enablePartitioning": false,
                "enableExpress": false
            }
        },
        {
            "type": "Microsoft.ServiceBus/namespaces/topics",
            "apiVersion": "2022-01-01-preview",
            "name": "[concat(parameters('namespaces_freeservicebusEUS2_name'), '/azurewebapp.infrastructure.servicebus~appconfigmessegetype')]",
            "location": "eastus2",
            "dependsOn": [
                "[resourceId('Microsoft.ServiceBus/namespaces', parameters('namespaces_freeservicebusEUS2_name'))]"
            ],
            "properties": {
                "maxMessageSizeInKilobytes": 256,
                "defaultMessageTimeToLive": "P366D",
                "maxSizeInMegabytes": 1024,
                "requiresDuplicateDetection": false,
                "duplicateDetectionHistoryTimeWindow": "PT10M",
                "enableBatchedOperations": true,
                "status": "Active",
                "supportOrdering": false,
                "autoDeleteOnIdle": "P427D",
                "enablePartitioning": false,
                "enableExpress": false
            }
        },
        {
            "type": "Microsoft.ServiceBus/namespaces/topics",
            "apiVersion": "2022-01-01-preview",
            "name": "[concat(parameters('namespaces_freeservicebusEUS2_name'), '/masstransit~fault')]",
            "location": "eastus2",
            "dependsOn": [
                "[resourceId('Microsoft.ServiceBus/namespaces', parameters('namespaces_freeservicebusEUS2_name'))]"
            ],
            "properties": {
                "maxMessageSizeInKilobytes": 256,
                "defaultMessageTimeToLive": "P366D",
                "maxSizeInMegabytes": 1024,
                "requiresDuplicateDetection": false,
                "duplicateDetectionHistoryTimeWindow": "PT10M",
                "enableBatchedOperations": true,
                "status": "Active",
                "supportOrdering": false,
                "autoDeleteOnIdle": "P427D",
                "enablePartitioning": false,
                "enableExpress": false
            }
        },
        {
            "type": "Microsoft.ServiceBus/namespaces/topics",
            "apiVersion": "2022-01-01-preview",
            "name": "[concat(parameters('namespaces_freeservicebusEUS2_name'), '/masstransit~receivefault')]",
            "location": "eastus2",
            "dependsOn": [
                "[resourceId('Microsoft.ServiceBus/namespaces', parameters('namespaces_freeservicebusEUS2_name'))]"
            ],
            "properties": {
                "maxMessageSizeInKilobytes": 256,
                "defaultMessageTimeToLive": "P366D",
                "maxSizeInMegabytes": 1024,
                "requiresDuplicateDetection": false,
                "duplicateDetectionHistoryTimeWindow": "PT10M",
                "enableBatchedOperations": true,
                "status": "Active",
                "supportOrdering": false,
                "autoDeleteOnIdle": "P427D",
                "enablePartitioning": false,
                "enableExpress": false
            }
        },
        {
            "type": "microsoft.alertsmanagement/smartdetectoralertrules",
            "apiVersion": "2021-04-01",
            "name": "[parameters('smartdetectoralertrules_failure_anomalies___freeappinsigtseus2_name')]",
            "location": "global",
            "dependsOn": [
                "[resourceId('microsoft.insights/components', parameters('components_freeAppinsigtsEUS2_name'))]",
                "[resourceId('microsoft.insights/actionGroups', parameters('actionGroups_Application_Insights_Smart_Detection_name'))]"
            ],
            "properties": {
                "description": "Failure Anomalies notifies you of an unusual rise in the rate of failed HTTP requests or dependency calls.",
                "state": "Enabled",
                "severity": "Sev3",
                "frequency": "PT1M",
                "detector": {
                    "id": "FailureAnomaliesDetector"
                },
                "scope": [
                    "[resourceId('microsoft.insights/components', parameters('components_freeAppinsigtsEUS2_name'))]"
                ],
                "actionGroups": {
                    "groupIds": [
                        "[resourceId('microsoft.insights/actionGroups', parameters('actionGroups_Application_Insights_Smart_Detection_name'))]"
                    ]
                }
            }
        },
        {
            "type": "Microsoft.EventGrid/systemTopics/eventSubscriptions",
            "apiVersion": "2022-06-15",
            "name": "[concat(parameters('systemTopics_keyVaultChangeTopic_name'), '/KeyVaultSub')]",
            "dependsOn": [
                "[resourceId('Microsoft.EventGrid/systemTopics', parameters('systemTopics_keyVaultChangeTopic_name'))]",
                "[resourceId('Microsoft.ServiceBus/namespaces/topics', parameters('namespaces_freeservicebusEUS2_name'), 'appconfigtopic')]"
            ],
            "properties": {
                "destination": {
                    "properties": {
                        "resourceId": "[resourceId('Microsoft.ServiceBus/namespaces/topics', parameters('namespaces_freeservicebusEUS2_name'), 'appconfigtopic')]"
                    },
                    "endpointType": "ServiceBusTopic"
                },
                "filter": {
                    "includedEventTypes": [
                        "Microsoft.KeyVault.CertificateNewVersionCreated",
                        "Microsoft.KeyVault.CertificateNearExpiry",
                        "Microsoft.KeyVault.CertificateExpired",
                        "Microsoft.KeyVault.SecretNewVersionCreated",
                        "Microsoft.KeyVault.SecretNearExpiry",
                        "Microsoft.KeyVault.SecretExpired",
                        "Microsoft.KeyVault.KeyNewVersionCreated",
                        "Microsoft.KeyVault.KeyNearExpiry",
                        "Microsoft.KeyVault.KeyExpired"
                    ],
                    "enableAdvancedFilteringOnArrays": true
                },
                "labels": [],
                "eventDeliverySchema": "EventGridSchema",
                "retryPolicy": {
                    "maxDeliveryAttempts": 30,
                    "eventTimeToLiveInMinutes": 1440
                }
            }
        },
        {
            "type": "Microsoft.ServiceBus/namespaces/topics/authorizationrules",
            "apiVersion": "2022-01-01-preview",
            "name": "[concat(parameters('namespaces_freeservicebusEUS2_name'), '/appconfigtopic/Test')]",
            "location": "eastus2",
            "dependsOn": [
                "[resourceId('Microsoft.ServiceBus/namespaces/topics', parameters('namespaces_freeservicebusEUS2_name'), 'appconfigtopic')]",
                "[resourceId('Microsoft.ServiceBus/namespaces', parameters('namespaces_freeservicebusEUS2_name'))]"
            ],
            "properties": {
                "rights": [
                    "Manage",
                    "Listen",
                    "Send"
                ]
            }
        },
        {
            "type": "Microsoft.ServiceBus/namespaces/topics/subscriptions",
            "apiVersion": "2022-01-01-preview",
            "name": "[concat(parameters('namespaces_freeservicebusEUS2_name'), '/azurewebapp.infrastructure.servicebus.models~appconfigmessegetype/app-config-change')]",
            "location": "eastus2",
            "dependsOn": [
                "[resourceId('Microsoft.ServiceBus/namespaces/topics', parameters('namespaces_freeservicebusEUS2_name'), 'azurewebapp.infrastructure.servicebus.models~appconfigmessegetype')]",
                "[resourceId('Microsoft.ServiceBus/namespaces', parameters('namespaces_freeservicebusEUS2_name'))]"
            ],
            "properties": {
                "isClientAffine": false,
                "lockDuration": "PT1M",
                "requiresSession": false,
                "defaultMessageTimeToLive": "P366D",
                "deadLetteringOnMessageExpiration": false,
                "deadLetteringOnFilterEvaluationExceptions": true,
                "maxDeliveryCount": 10,
                "status": "Active",
                "enableBatchedOperations": true,
                "autoDeleteOnIdle": "P427D",
                "forwardTo": "app-config-change"
            }
        },
        {
            "type": "Microsoft.ServiceBus/namespaces/topics/subscriptions",
            "apiVersion": "2022-01-01-preview",
            "name": "[concat(parameters('namespaces_freeservicebusEUS2_name'), '/azurewebapp.infrastructure.servicebus~appconfigmessegetype/app-config-change')]",
            "location": "eastus2",
            "dependsOn": [
                "[resourceId('Microsoft.ServiceBus/namespaces/topics', parameters('namespaces_freeservicebusEUS2_name'), 'azurewebapp.infrastructure.servicebus~appconfigmessegetype')]",
                "[resourceId('Microsoft.ServiceBus/namespaces', parameters('namespaces_freeservicebusEUS2_name'))]"
            ],
            "properties": {
                "isClientAffine": false,
                "lockDuration": "PT20S",
                "requiresSession": false,
                "defaultMessageTimeToLive": "P366D",
                "deadLetteringOnMessageExpiration": false,
                "deadLetteringOnFilterEvaluationExceptions": true,
                "maxDeliveryCount": 10,
                "status": "Active",
                "enableBatchedOperations": true,
                "autoDeleteOnIdle": "P427D",
                "forwardTo": "app-config-change"
            }
        },
        {
            "type": "Microsoft.ServiceBus/namespaces/topics/subscriptions",
            "apiVersion": "2022-01-01-preview",
            "name": "[concat(parameters('namespaces_freeservicebusEUS2_name'), '/masstransit~receivefault/Fault-MassTransit')]",
            "location": "eastus2",
            "dependsOn": [
                "[resourceId('Microsoft.ServiceBus/namespaces/topics', parameters('namespaces_freeservicebusEUS2_name'), 'masstransit~receivefault')]",
                "[resourceId('Microsoft.ServiceBus/namespaces', parameters('namespaces_freeservicebusEUS2_name'))]"
            ],
            "properties": {
                "isClientAffine": false,
                "lockDuration": "PT1M",
                "requiresSession": false,
                "defaultMessageTimeToLive": "P10675199DT2H48M5.4775807S",
                "deadLetteringOnMessageExpiration": false,
                "deadLetteringOnFilterEvaluationExceptions": true,
                "maxDeliveryCount": 10,
                "status": "Active",
                "enableBatchedOperations": true,
                "autoDeleteOnIdle": "P427D",
                "forwardTo": "MassTransit~Fault"
            }
        },
        {
            "type": "Microsoft.ServiceBus/namespaces/topics/subscriptions",
            "apiVersion": "2022-01-01-preview",
            "name": "[concat(parameters('namespaces_freeservicebusEUS2_name'), '/appconfigtopic/test')]",
            "location": "eastus2",
            "dependsOn": [
                "[resourceId('Microsoft.ServiceBus/namespaces/topics', parameters('namespaces_freeservicebusEUS2_name'), 'appconfigtopic')]",
                "[resourceId('Microsoft.ServiceBus/namespaces', parameters('namespaces_freeservicebusEUS2_name'))]"
            ],
            "properties": {
                "isClientAffine": false,
                "lockDuration": "PT30S",
                "requiresSession": false,
                "defaultMessageTimeToLive": "P1D",
                "deadLetteringOnMessageExpiration": false,
                "deadLetteringOnFilterEvaluationExceptions": false,
                "maxDeliveryCount": 10,
                "status": "Active",
                "enableBatchedOperations": true,
                "autoDeleteOnIdle": "P1D"
            }
        },
        {
            "type": "Microsoft.EventGrid/systemTopics/eventSubscriptions",
            "apiVersion": "2022-06-15",
            "name": "[concat(parameters('systemTopics_AppConfigEUS2Topic_name'), '/EventGridSchemaSub')]",
            "dependsOn": [
                "[resourceId('Microsoft.EventGrid/systemTopics', parameters('systemTopics_AppConfigEUS2Topic_name'))]",
                "[resourceId('Microsoft.ManagedIdentity/userAssignedIdentities', parameters('userAssignedIdentities_UserAssignedManageIdentity_AzureWebApp_name'))]",
                "[resourceId('Microsoft.ServiceBus/namespaces/topics', parameters('namespaces_freeservicebusEUS2_name'), 'appconfigtopic')]"
            ],
            "properties": {
                "deliveryWithResourceIdentity": {
                    "identity": {
                        "type": "UserAssigned",
                        "userAssignedIdentity": "[resourceId('Microsoft.ManagedIdentity/userAssignedIdentities', parameters('userAssignedIdentities_UserAssignedManageIdentity_AzureWebApp_name'))]"
                    },
                    "destination": {
                        "properties": {
                            "resourceId": "[resourceId('Microsoft.ServiceBus/namespaces/topics', parameters('namespaces_freeservicebusEUS2_name'), 'appconfigtopic')]"
                        },
                        "endpointType": "ServiceBusTopic"
                    }
                },
                "filter": {
                    "includedEventTypes": [
                        "Microsoft.AppConfiguration.KeyValueModified",
                        "Microsoft.AppConfiguration.KeyValueDeleted"
                    ],
                    "enableAdvancedFilteringOnArrays": true
                },
                "labels": [],
                "eventDeliverySchema": "EventGridSchema",
                "retryPolicy": {
                    "maxDeliveryAttempts": 30,
                    "eventTimeToLiveInMinutes": 1440
                }
            }
        },
        {
            "type": "Microsoft.ServiceBus/namespaces/topics/subscriptions/rules",
            "apiVersion": "2022-01-01-preview",
            "name": "[concat(parameters('namespaces_freeservicebusEUS2_name'), '/appconfigtopic/test/$Default')]",
            "location": "eastus2",
            "dependsOn": [
                "[resourceId('Microsoft.ServiceBus/namespaces/topics/subscriptions', parameters('namespaces_freeservicebusEUS2_name'), 'appconfigtopic', 'test')]",
                "[resourceId('Microsoft.ServiceBus/namespaces/topics', parameters('namespaces_freeservicebusEUS2_name'), 'appconfigtopic')]",
                "[resourceId('Microsoft.ServiceBus/namespaces', parameters('namespaces_freeservicebusEUS2_name'))]"
            ],
            "properties": {
                "action": {},
                "filterType": "SqlFilter",
                "sqlFilter": {
                    "sqlExpression": "1=1",
                    "compatibilityLevel": 20
                }
            }
        },
        {
            "type": "Microsoft.ServiceBus/namespaces/topics/subscriptions/rules",
            "apiVersion": "2022-01-01-preview",
            "name": "[concat(parameters('namespaces_freeservicebusEUS2_name'), '/azurewebapp.infrastructure.servicebus.models~appconfigmessegetype/app-config-change/$Default')]",
            "location": "eastus2",
            "dependsOn": [
                "[resourceId('Microsoft.ServiceBus/namespaces/topics/subscriptions', parameters('namespaces_freeservicebusEUS2_name'), 'azurewebapp.infrastructure.servicebus.models~appconfigmessegetype', 'app-config-change')]",
                "[resourceId('Microsoft.ServiceBus/namespaces/topics', parameters('namespaces_freeservicebusEUS2_name'), 'azurewebapp.infrastructure.servicebus.models~appconfigmessegetype')]",
                "[resourceId('Microsoft.ServiceBus/namespaces', parameters('namespaces_freeservicebusEUS2_name'))]"
            ],
            "properties": {
                "action": {},
                "filterType": "SqlFilter",
                "sqlFilter": {
                    "sqlExpression": "1=1",
                    "compatibilityLevel": 20
                }
            }
        },
        {
            "type": "Microsoft.ServiceBus/namespaces/topics/subscriptions/rules",
            "apiVersion": "2022-01-01-preview",
            "name": "[concat(parameters('namespaces_freeservicebusEUS2_name'), '/azurewebapp.infrastructure.servicebus~appconfigmessegetype/app-config-change/$Default')]",
            "location": "eastus2",
            "dependsOn": [
                "[resourceId('Microsoft.ServiceBus/namespaces/topics/subscriptions', parameters('namespaces_freeservicebusEUS2_name'), 'azurewebapp.infrastructure.servicebus~appconfigmessegetype', 'app-config-change')]",
                "[resourceId('Microsoft.ServiceBus/namespaces/topics', parameters('namespaces_freeservicebusEUS2_name'), 'azurewebapp.infrastructure.servicebus~appconfigmessegetype')]",
                "[resourceId('Microsoft.ServiceBus/namespaces', parameters('namespaces_freeservicebusEUS2_name'))]"
            ],
            "properties": {
                "action": {},
                "filterType": "SqlFilter",
                "sqlFilter": {
                    "sqlExpression": "1=1",
                    "compatibilityLevel": 20
                }
            }
        },
        {
            "type": "Microsoft.ServiceBus/namespaces/topics/subscriptions/rules",
            "apiVersion": "2022-01-01-preview",
            "name": "[concat(parameters('namespaces_freeservicebusEUS2_name'), '/masstransit~receivefault/Fault-MassTransit/$Default')]",
            "location": "eastus2",
            "dependsOn": [
                "[resourceId('Microsoft.ServiceBus/namespaces/topics/subscriptions', parameters('namespaces_freeservicebusEUS2_name'), 'masstransit~receivefault', 'Fault-MassTransit')]",
                "[resourceId('Microsoft.ServiceBus/namespaces/topics', parameters('namespaces_freeservicebusEUS2_name'), 'masstransit~receivefault')]",
                "[resourceId('Microsoft.ServiceBus/namespaces', parameters('namespaces_freeservicebusEUS2_name'))]"
            ],
            "properties": {
                "action": {},
                "filterType": "SqlFilter",
                "sqlFilter": {
                    "sqlExpression": "1=1",
                    "compatibilityLevel": 20
                }
            }
        }
    ]
}